제목,내용,기사 URL,단어 5가지
"뉴진스 '하이프 보이', 스포티파이 3억 스트리밍 돌파","'디토', 日 오리콘 주간 스트리밍 1억회 달성…해외 여가수 최단 기록뉴진스 '하이프 보이' [어도어 제공. 재판매 및 DB 금지](서울=연합뉴스) 임지우 기자 = 그룹 뉴진스의 '하이프 보이'(Hype boy)가 세계 최대 음원 플랫폼 스포티파이에서 누적 재생 수 3억회를 돌파했다.기획사 어도어는 뉴진스의 데뷔곡 '하이프 보이'가 지난 1일(미국 현지 시간) 기준 3억10만390회 재생됐다고 3일 밝혔다.이는 '디토', 'OMG'에 이어 뉴진스의 세 번째 3억 스트리밍 곡이다.광고이날 발표된 일본 오리콘 주간 스트리밍 차트에서는 뉴진스의 '디토'가 누적 재생 수 1억회를 달성했다.이는 지난해 12월 곡이 공개된 지 19주 만으로, 해외 여성 아티스트 곡 중 최단 기간이다.뉴진스는 8월 일본 최대 규모 음악 축제인 '서머 소닉 2023'에도 출연할 예정이다.제보는 카카오톡 okjebo <저작권자(c) 연합뉴스, 무단 전재-재배포 금지>",https://www.yna.co.kr/view/AKR20230503076900005?input=1195m,"뉴진스,디토,스트리밍,이프,보이"
뉴진스 다니엘 '인어공주' 더빙 소식에…기대반 우려반,"인어공주 더빙 뉴진스 다니엘로 유추""기대"" vs ""우려"" 네티즌 의견 갈려…걸그룹 뉴진스의 멤버 다니엘이 영화 '인어공주' 한국판에서 주인공 '에리얼' 역의 더빙을 맡는다는 소식이 전해져 화제다.지난 2일 디즈니코리아 사회관계망서비스(SNS)에는 실루엣과 함께 한국의 '에리얼' 더빙을 맡은 사람이 누군지 유추해달라는 이벤트 글이 게시됐다. 곧 네티즌들 사이에서는 해당 실루엣의 주인공이 뉴진스의 다니엘이라는 추측이 일었고 이에 다양한 반응이 나타났다.다니엘의 더빙 참여를 긍정적으로 보는 이들도 있었다. 다니엘이 인어공주의 느낌을 잘 살릴 수 있는 음색을 가졌기 때문에 노래하는 장면이 기대된다는 것이다.또 더빙판의 경우 자막판과 비교해 아동 관객이 많은데, 뉴진스가 어린 아이들 사이에서도 큰 인기를 끌고 있기 때문에 영화 흥행에도 도움이 될 것이라는 반응도 있었다.반면 티켓파워만을 위해 아이돌을 섭외한 것이 아니냐는 비판의 목소리도 나오고 있다. 더빙에는 많은 연습과 훈련이 필요한데 성우 경험이 전무한 아이돌이 더빙하는 것이 우려된다는 것이다.영화 '겨울왕국'처럼 연기 장면에는 성우를 캐스팅하고 다니엘은 OST에만 참여했더라면 더 좋았을 것이라는 의견도 있었다.앞서 영화 '너의 이름은' 더빙판 개봉 당시에도 비슷한 논란이 나타난 바 있다. 영화 수입사 측에서 성우들이 참여하는 대규모 오디션을 열 것이라고 예고했지만 오디션은 하지 않고 주인공 역에 유명 배우들을 캐스팅해 문제가 된 것이다.당시 성우들도 ""성우는 결코 쉬운 분야가 아니다""라며 비판의 목소리를 내 논란이 커지며 영화는 관객몰이에 실패했다.반면 비성우 더빙임에도 흥행한 작품들도 있다. 코미디언이자 배우인 정준하가 맡은 '주먹왕 랄프'의 '랄프' 역 더빙은 대중들로부터 많은 호평을 얻었다.한편 디즈니 실사 영화 '인어공주'는 오는 26일 국내 개봉 예정이다.한지수 인턴기자 hjs17450@asiae.co.kr",https://view.asiae.co.kr/article/2023050310504679667,"더빙,영화,다니엘,성우,인어공주"
"‘뉴진스 프로듀서’ 250, 7월 단독공연... 세종문화회관에 흐르는 뽕짝",,https://www.chosun.com/culture-life/culture_general/2023/05/03/FSOS56IMBZGG7HBHETT77DXLUM/?utm_source=naver&utm_medium=referral&utm_campaign=naver-news,
"뉴진스 '디토', 日 오리콘 1억 스밍…해외 아티스트 최단 기간","1황철순, 주가조작 가담 의혹 부인…""난 주식 모르는 똥멍청이""예능 프로그램에 출연해 얼굴을 알린 헬스 트레이너 황철순이 주가 조작 가담 의혹을 부인했다. 3일 황철순은 자신의 인스타그램에 ""3일 전부터 많은 기자분께서 (헬스장을) 뚫고 들어오신다""며 ""나는 주식도 모르는 똥멍청이이며 투자 제안도 받아본 적이 없으며 아직 피해 사실이 확인된 바 없다""고 적었다. ""운동과 관련되지 않은 부분에 대해서는 어떤 말씀이나 책임 있는 설명을 해드릴 수 없는 위치라는 것을 이해해 주시기 바란다""며 ""그렇게 많은 인터뷰를 해도 기사 한 토막 안 나간 이유는 내 얘기가 영양가가 없다는 얘기""라고",http://www.newsis.com/view/?id=NISX20230503_0002289464&cID=10601&pID=10600,"황철순,가담,의혹,부인,주식"
"방탄소년단 → 뉴진스, 하이브家 기록 행진 [이슈&톡]","방탄소년단 → 뉴진스, 하이브家 기록 행진 [이슈&톡] 2023. 05.03(수) 10:38맏형 진의 군 복무를 필두로 '군백기'(군 복무로 인한 공백기)에 접어든 그룹 방탄소년단(BTS)는 솔로 활동으로도 다양한 기록들을 써내려가고 있다.특히 멤버 슈가는 첫 솔로 앨범 '디-데이(D-DAY)'로 미국 빌보드 메인 앨범차트 '빌보드 200'에서 K팝 솔로 가수 최고 성적을 냈다.1일(현지시간) 빌보드가 홈페이지에 게재한 6일자 차트 예고 기사에 따르면, 슈가가 어거스트 디(Agust D)라는 솔로 활동명으로 지난달 21일 발매한 '디-데이'는 14만장 상당의 판매량으로 '빌보드 200'에서 2위로 데뷔했다.이는 역시 방탄소년단 멤버인 지민이 지난달 8일 자 '빌보드 200'에서 첫 솔로 앨범 '페이스(FACE)'로 거둔 성적과 같은 기록이자, K팝 솔로 가수 중 가장 높은 성적이다. 지민 전에는 방탄소년단의 RM이 '인디고(Indigo)'로 3위에 오른 바 있다.미니 10집 'FML'로 역대급 기록을 내고 있는 그룹 세븐틴(SVT)은 일본 차트 접수 소식을 전했다.2일 오리콘 차트에 따르면, 세븐틴의 미니 10집 'FML'은 첫 주에 55만2000장 이상의 판매량을 기록하며 일본 오리콘 주간 앨범 랭킹(5월 8일 자, 집계기간 4월 24~30일)에서 1위에 올랐다.이로써 세븐틴은 오리콘 주간 앨범 랭킹에서 미니 9집 '아타카(Attacca)', 정규 4집 '페이스 더 선(Face the Sun)', 정규 4집 리패키지 앨범 '섹터(SECTOR) 17', 일본 첫 번째 EP '드림(DREAM)'에 이어 5개 작품 연속 정상에 올랐다. 통산으로 따지면 9번째다.'FML'은 앞서 일본 오리콘 데일리 앨범 랭킹(4월 25~29일 자)에서 5일 연속 1위 자리를 지켰다. 주요 음원 사이트 라인뮤직, AWA 등에서도 1위를 기록했다.세븐틴은 'FML'로 음반 판매량 면에서 다양한 기록을 쓰고 있다. 첫날에만 판매량 300만 장을 넘겼는데, 이는 전 세계에서 유일한 기록이다. 'FML'은 초동 판매량(발매 후 일주일간 음반 판매량) 455만 214장으로 K팝 음반 역대 초동 판매량 최고 기록도 다시 세웠다.그룹 르세라핌(LE SSERAFIM)의 성장세도 무섭다.3일 앨범 판매량 집계 사이트 한터차트에 따르면, 르세라핌(김채원, 사쿠라, 허윤진, 카즈하, 홍은채)의 정규 1집 '언포기븐'(UNFORGIVEN)은 발매 당일 102만4034장 판매되면서 일간 음반 차트(5월 2일 자) 정상을 차지했는데, 이는 역대 K팝 걸그룹의 발매 1일 차 판매량 1위에 해당하는 기록이다.K팝 걸그룹이 발매 당일 음반 판매량 100만장을 넘긴 건 선배 그룹 블랙핑크가 지난해 정규 2집 '본 핑크'로 세운 101만장 이후 처음인데, 르세라핌은 블랙핑크 '본 핑크'보다 1만장을 더 팔며 이 부문에서 정상에 올랐다.이번 기록은 또한 지난해 10월 나온 '안티프래자일'(ANTIFRAGILE)의 첫날 판매량인 40만8833장과 비교했을 때 2배 이상 성장한 수치이다. 또한, 전작의 일주일 동안의 판매량인 56만7673장을 단 하루 만에 넘어서 놀라움을 줬다.뉴진스(NewJeans) 역시 히트곡으로 새 기록들을 써가고 있다.‘Hype boy’가 세계 최대 음원 플랫폼 스포티파이에서 3억 스트리밍을 돌파했다. 'Ditto', 'OMG'에 이은 뉴진스 통산 세 번째 3억 스트리밍 곡이다.3일 스포티파이에 따르면 뉴진스의 데뷔곡 '하입 보이(Hype boy)'는 지난 1일(현지 시간) 기준 3억10만390회 재생됐다. '디토'(Ditto)와 '오엠지'(OMG)에 이은 뉴진스 통산 세 번째 3억 스트리밍 곡이다.오리콘 차트에서도 두각을 나타냈는데,3일 오리콘이 발표한 주간 스트리밍 랭킹(5월 8일자)에 따르면 뉴진스의 '디토'는 누적 재생수 1억 회를 돌파했다. 지난해 12월 19일 공개된 지 19주 만으로 이는 오리콘 차트에서 1억 회 넘게 스트리밍된 해외 여성 아티스트의 곡 가운데 최단 기간 신기록이다. 해외 남,녀 아티스트 통틀어서는 역대 4위다.한편 뉴진스는 지난 1일 미국 골드하우스가 발표한 2023년 'A100' 리스트에도 이름을 올렸다. ‘A100’은 매년 미국 문화와 사회에 큰 영향을 끼친 아시아-태평양 지역 100인을 선정해 발표하는 명단인데, K팝 아티스트 중에선 뉴진스가 유일하게 이 리스트에 포함됐다.[티브이데일리 김지하 기자 news@tvdaily.co.kr/사진=빅히트뮤직, 플레디스, 쏘스뮤직, 어도] [티브이데일리 김지하 기자] 하이브에서 한솥밥을 먹고 있는 아이돌 그룹들이 국내외 시장에서 각종 기록을 고쳐 쓰고 있다.맏형 진의 군 복무를 필두로 '군백기'(군 복무로 인한 공백기)에 접어든 그룹 방탄소년단(BTS)는 솔로 활동으로도 다양한 기록들을 써내려가고 있다.특히 멤버 슈가는 첫 솔로 앨범 '디-데이(D-DAY)'로 미국 빌보드 메인 앨범차트 '빌보드 200'에서 K팝 솔로 가수 최고 성적을 냈다.1일(현지시간) 빌보드가 홈페이지에 게재한 6일자 차트 예고 기사에 따르면, 슈가가 어거스트 디(Agust D)라는 솔로 활동명으로 지난달 21일 발매한 '디-데이'는 14만장 상당의 판매량으로 '빌보드 200'에서 2위로 데뷔했다.이는 역시 방탄소년단 멤버인 지민이 지난달 8일 자 '빌보드 200'에서 첫 솔로 앨범 '페이스(FACE)'로 거둔 성적과 같은 기록이자, K팝 솔로 가수 중 가장 높은 성적이다. 지민 전에는 방탄소년단의 RM이 '인디고(Indigo)'로 3위에 오른 바 있다.미니 10집 'FML'로 역대급 기록을 내고 있는 그룹 세븐틴(SVT)은 일본 차트 접수 소식을 전했다.2일 오리콘 차트에 따르면, 세븐틴의 미니 10집 'FML'은 첫 주에 55만2000장 이상의 판매량을 기록하며 일본 오리콘 주간 앨범 랭킹(5월 8일 자, 집계기간 4월 24~30일)에서 1위에 올랐다.이로써 세븐틴은 오리콘 주간 앨범 랭킹에서 미니 9집 '아타카(Attacca)', 정규 4집 '페이스 더 선(Face the Sun)', 정규 4집 리패키지 앨범 '섹터(SECTOR) 17', 일본 첫 번째 EP '드림(DREAM)'에 이어 5개 작품 연속 정상에 올랐다. 통산으로 따지면 9번째다.'FML'은 앞서 일본 오리콘 데일리 앨범 랭킹(4월 25~29일 자)에서 5일 연속 1위 자리를 지켰다. 주요 음원 사이트 라인뮤직, AWA 등에서도 1위를 기록했다.세븐틴은 'FML'로 음반 판매량 면에서 다양한 기록을 쓰고 있다. 첫날에만 판매량 300만 장을 넘겼는데, 이는 전 세계에서 유일한 기록이다. 'FML'은 초동 판매량(발매 후 일주일간 음반 판매량) 455만 214장으로 K팝 음반 역대 초동 판매량 최고 기록도 다시 세웠다.그룹 르세라핌(LE SSERAFIM)의 성장세도 무섭다.3일 앨범 판매량 집계 사이트 한터차트에 따르면, 르세라핌(김채원, 사쿠라, 허윤진, 카즈하, 홍은채)의 정규 1집 '언포기븐'(UNFORGIVEN)은 발매 당일 102만4034장 판매되면서 일간 음반 차트(5월 2일 자) 정상을 차지했는데, 이는 역대 K팝 걸그룹의 발매 1일 차 판매량 1위에 해당하는 기록이다.K팝 걸그룹이 발매 당일 음반 판매량 100만장을 넘긴 건 선배 그룹 블랙핑크가 지난해 정규 2집 '본 핑크'로 세운 101만장 이후 처음인데, 르세라핌은 블랙핑크 '본 핑크'보다 1만장을 더 팔며 이 부문에서 정상에 올랐다.이번 기록은 또한 지난해 10월 나온 '안티프래자일'(ANTIFRAGILE)의 첫날 판매량인 40만8833장과 비교했을 때 2배 이상 성장한 수치이다. 또한, 전작의 일주일 동안의 판매량인 56만7673장을 단 하루 만에 넘어서 놀라움을 줬다.뉴진스(NewJeans) 역시 히트곡으로 새 기록들을 써가고 있다.‘Hype boy’가 세계 최대 음원 플랫폼 스포티파이에서 3억 스트리밍을 돌파했다. 'Ditto', 'OMG'에 이은 뉴진스 통산 세 번째 3억 스트리밍 곡이다.3일 스포티파이에 따르면 뉴진스의 데뷔곡 '하입 보이(Hype boy)'는 지난 1일(현지 시간) 기준 3억10만390회 재생됐다. '디토'(Ditto)와 '오엠지'(OMG)에 이은 뉴진스 통산 세 번째 3억 스트리밍 곡이다.오리콘 차트에서도 두각을 나타냈는데,3일 오리콘이 발표한 주간 스트리밍 랭킹(5월 8일자)에 따르면 뉴진스의 '디토'는 누적 재생수 1억 회를 돌파했다. 지난해 12월 19일 공개된 지 19주 만으로 이는 오리콘 차트에서 1억 회 넘게 스트리밍된 해외 여성 아티스트의 곡 가운데 최단 기간 신기록이다. 해외 남,녀 아티스트 통틀어서는 역대 4위다.한편 뉴진스는 지난 1일 미국 골드하우스가 발표한 2023년 'A100' 리스트에도 이름을 올렸다. ‘A100’은 매년 미국 문화와 사회에 큰 영향을 끼친 아시아-태평양 지역 100인을 선정해 발표하는 명단인데, K팝 아티스트 중에선 뉴진스가 유일하게 이 리스트에 포함됐다.[티브이데일리 김지하 기자 news@tvdaily.co.kr/사진=빅히트뮤직, 플레디스, 쏘스뮤직, 어도] 기사제보 news@tvdaily.co.kr 김지하 기자의 다른 기사 보기 키워드 : 뉴진스 | 방탄소년단 | 세븐틴 뉴진스 'Ditto', 日 오리콘 누적 스트리밍 1억 회 돌파 뉴진스 ‘Hype boy’, 스포티파이 3억 스트리밍 돌파 ""노 아이폰, 온리 갤럭시"" BTS 슈가, 美 공연 중 삼성 사랑 세븐틴 승관, 故 문빈 추모 ""거기선 그냥 아무나 돼""",http://www.tvdaily.co.kr/read.php3?aid=16830779201674041010,"기록,판매량,뉴진스,오리콘,앨범"
"[줌인] 뉴진스 다니엘, ‘인어공주’ 목소리 연기에 쏟아지는 비난..왜?","그룹 뉴진스 멤버 다니엘이 '인어공주' 에리얼 한국어 더빙을 맡는 것을 놓고 영화 공개 전부터 다양한 말들이 쏟아지고 있다. 사진=월트디즈니컴퍼니 코리아, IS포토그룹 뉴진스 멤버 다니엘이 디즈니 라이브 액션 영화 ‘인어공주’ 주인공 에리얼 한국어 더빙을 맡는다. 다니엘로선 첫 더빙 도전이지만, 벌써부터 ‘인어공주’를 둘러싼 논란에 한 획을 더하고 있어 안타까움을 자아낸다.3일 영화계에 따르면 다니엘은 이달 중순께 개봉하는 영화 ‘인어공주’(감독 롭 마샬)의 주인공 에리얼 한국어 더빙을 맡아 처음으로 더빙 연기에 도전한다. ‘인어공주’는 늘 바다 너머의 세상을 꿈꾸던 모험심 가득한 인어공주 에리얼(할리 베일리 분)이 조난당한 에릭 왕자(조나 하우어 킹)를 구해주며 자신의 마음의 소리를 따라 금지된 인간 세상으로 나아가는 모험을 그린 영화. 1989년 제작돼 세계적인 화제를 모은 동명 애니메이션을 실사 뮤지컬 영화로 만들었다.앞서 월트디즈니컴퍼니 코리아는 ‘인어공주’ 한국어 더빙으로, 배우 정영주가 바다를 지배하려는 바다 마녀 울슐라 역을, 정상훈이 왕실 오케스트라 지휘자인 바닷가재 세바스찬 역을 맡는다고 밝혔다. 다만 주인공 에리얼 역 캐스팅은 실루엣만 공개하며 물음표 속 인물을 맞히는 이벤트를 공지했다. 또한 유출된 영상에서 에리얼 목소리를 연기한 한국 아티스트의 대사와 그가 에리얼 테마곡 ‘파트 오브 유어 월드’(Part of Your World)를 부른 모습 일부가 공개돼 궁금증을 유발시켰다.취재 결과 다니엘은 한국의 에리얼을 맡아달라는 디즈니의 요청을 받고 고심 끝에 수락, 첫 연기 도전에 나섰다는 후문이다. 디즈니는 다니엘이 한국과 호주 이중국적자로 한국어와 영어에 능통한데다, 어릴 적부터 다양한 방송 활동과 노래 실력까지 겸비하고 있고 뉴진스로 1020세대에 높은 인기를 얻고 있어서, 에리얼 한국어 더빙에 적역이라고 판단한 것으로 전해졌다.하지만 아직 다니엘이 에리얼을 맡았다는 사실을 공표하기 전부터, 의외의 역풍이 불고 있다. 정영주는 ‘맘마마아’ ‘오페라의 유령’ 등 뮤지컬에서 일찍이 뛰어난 가창력과 연기력을 인정받았던 데다 정상훈도 영화와 드라마, 뮤지컬 등에서 쌓아온 실력으로 충분히 더빙을 맡을 만하다는 평을 받고 있는 반면, 다니엘에 대해선 벌써부터 우려의 목소리가 나오고 있는 것. 아직 다니엘이 목소리 연기를 한 일부 영상을 보고 한국어 발음과 노래 실력 등에 의구심을 드러내는 여론이 여러 커뮤니티를 통해 확산하고 있다.이는 애니메이션 더빙을 유명 연예인보다 전문 성우에게 맡겨야 한다는 원론적인 주장에 ‘인어공주’ 기획부터 쏟아지는 비난들이 더해진 것 때문으로 보인다. 한국에선 유명 연예인들이 애니메이션 더빙을 하는 데 대해 일부 관객들의 거부감이 유독 크다. 실제로 일본 애니메이션 ‘너의 이름은.’은 2017년 개봉 당시 한국어 더빙을 배우 지창욱, 김소현, 이레 등이 맡았지만 애니 팬들의 혹독한 비난에 시달렸다. 이에 ‘너의 이름은.’ 수입사 미디어캐슬은 ‘스즈메의 문단속’ 흥행에 힘입어 ‘너의 이름은.’ 한국어 더빙을 오는 5월 전문 성우에 맡겨 다시 개봉하기로 했다.그랬던 터라 ‘인어공주’도 다니엘이 에리얼 역을 맡는 것에 대해, 아직 공개도 되기 전에 거부감을 드러내는 사람들이 많은 것이다.여기에 ‘인어공주’가 추구하는 PC(Political Correctness·정치적 올바름)에 대한 일부 대중의 반감도 더해져 더욱 논란이 부추겨 지고 있다. ‘인어공주’는 에리얼을 백인으로 묘사했던 원작 애니메이션과 달리 흑인인 할리 베일리가 인어공주를 맡는 것에 대해 기획부터 북미에서 논란이 뜨거웠다. 성, 인종, 종교 등을 이유로 약자와 소수자가 차별받아선 안된다는 PC가 지나칠 정도로 창작의 자유를 제한하고 있으며 심지어 역차별을 하고 있다는 반감까지 일었던 것.할리우드 메이저 스튜디오 중 특히 디즈니가 작품들에서 PC 추구를 방향점으로 내세우고 있는데다 ‘인어공주’는 그런 점에서 상징적인 작품이다보니 새로운 소식이 전해질 때마다 작은 아쉬움과 실수마저 논란으로 부채질되는 경향이 있다. 이는 한국에서도 마찬가지.지난달 28일 디즈니+에서 공개된 ‘피터팬 & 웬디’에서 팅커벨 역을 흑인 배우가 맡은 것과 넷플릭스에서 10일 공개되는 ‘퀸 클레오파트라’에서 클레오파트라 역을 흑인 배우가 맡은 것, 공교롭게도 ‘인어공주’ 개봉까지 비슷한 시점에 맞춰지면서 PC논란은 더욱 거세지고 있다.아직 공개되지도 않은 다니엘의 에리얼 목소리 더빙 연기에 대한 논란은, 이런 ‘인어공주’에 대한 반감 흐름이 더해지면서 부채질된 경향이 없지 않다.익명을 요구한 한 관계자는 “’인어공주’에 대한 거부감이라기 보다는 PC가 싫고, PC가 추구하는 바를 억울하게 여기는 사람들의 반발이 반영되고 있는 것 같다”면서 “작품을 보고 온당한 평가가 이뤄졌으면 좋겠다”고 토로했다.넷플릭스 시리즈 ‘브리저튼’이 공개되기 전, PC에 반대하는 사람들은 영국 여왕을 흑인 배우가 연기한 것에 거세게 반발했다. ‘브리저튼’이 공개된 뒤 빼어난 재미와 완성도로 넷플릭스 최고 인기작으로 떠오르자 그런 반발은 쏙 들어갔다.‘인어공주’도 그런 전철을 밟을 수 있을지, 다니엘의 목소리 연기는 어떨지, 5월 극장가의 흥미로운 관전 포인트가 될 전망이다.전형화 기자 brofire@edaily.co.kr",https://isplus.com/article/view/isp202305030069,"인어공주,에리얼,더빙,다니엘,한국어"
"뉴진스 프로듀서 250, ‘뽕’으로 세종문화회관 선다","케이(K)팝그룹 뉴진스의 데뷔 앨범을 만든 프로듀서 이오공(250)이 오는 7월 15일 세종문화회관에서 첫 단독 무대 ‘아직도 모르시나요’를 공연한다. 세종문화회관 제공 .걸그룹 뉴진스의 프로듀서 이오공(250·이호형)과 밴드 이날치, 가수 백현진과 이랑, 안무가 모니카…. ‘뜨거운 예술가들’이 세종문화회관이 기획한 ‘싱크 넥스트 23’에 총출동한다. 오는 7월6일부터 9월10일까지 블랙박스형 극장 ‘세종S씨어터’가 그 무대. 일렉트로니카와 국악, 인디와 트로트 등 다양한 음악에 스트리트 댄스와 수화 퍼포먼스, 설치미술, 스탠드업 코미디 등 장르 구분을 넘어선 공연을 풀어낸다.‘어텐션’, ‘하입 보이’, ‘디토’ 등을 작곡해 뉴진스 열풍을 일궈낸 프로듀서 겸 작곡가 이오공에겐 이번 공연이 첫 단독 무대다. 그는 오는 7월15일 세종문화회관 S씨어터에서 ‘아직도 모르시나요’라는 제목으로 공연한다. “지난해 발표한 앨범 ‘뽕’의 감성을 흠뻑 느낄 수 있는 무대가 될 겁니다. 콜라텍이나 무도장 같은 분위기의 공연을 생각하고 있어요.” 이오공은 3일 세종문화회관 간담회에서 “앨범 ‘뽕’이 가진 기본적 정서는 슬픔과 애수를 마음에 품고 몸은 신나는 리듬에 맞춰 춤을 추면서 느껴지는 어떤 갭(차이)을 즐기는 것이었다”며 “그 앨범의 감성을 더 입체적으로 자세하게 느낄 수 있는 그런 시간을 만들기 위해 노력하겠다”고 말했다. 그는 지난해 트로트를 바탕으로 한 일렉트로닉 앨범 ‘뽕’으로 한국대중음악상 4개 부문을 수상했다.세종문화회관이 기획한 ‘싱크 넥스트 23’에 ‘뜨거운 예술가’들이 총출동한다. 세종문화회관 제공.‘싱크 넥스트’는 관습적 장르 구분을 벗어나 새로운 예술적 경험을 제공한다는 취지로 세종문화회관이 지난해 여름철부터 시작한 프로그램이다. 12편 작품에 33회 공연이다.여성 스트릿 댄서팀 ‘프라우드먼’의 리더인 모니카는 보컬리스트 겸 프로듀서 씨피카와 함께 퍼포먼스 ‘쓰인 적 없는 ㅅ(시옷)’(8월18~20일)을 선보인다. 평범한 일상에서 느끼는 다양한 감정을 12개의 문장에 담아낸다. 모니카는 “포근하고 쉬운 공연을 만들겠다. 낯섦을 낯익음으로 바꾸는 게 목표”라며 “20·30세대, 나아가 10대 후반 관객이 ‘공연장은 놀이터 같은 곳이구나’ 느꼈으면 좋겠다”고 했다.싱어송라이터이자 영화감독, 작가인 이랑과 안무가이자 배우 모어는 욕망과 외로움을 다룬 ‘왜 내가 너의 친구라고 말하지 않는 것인가’(8월8일)를 공연한다. 이랑은 “삶을 살아가면서 자주 느끼는 감정 중 하나인 외로움에 관한 무대를 만들어보고 싶었다”고 말했다.이밖에 극단 ‘코끼리들이 웃는다’의 관객 참여형 공연 ‘물질’(7월20∼23일)과 인디밴드 너드커넥션의 ‘테라리움’(8월12∼13일), ‘잠비나이’ 멤버인 이일우와 서울시 국악관현악단 단원들이 함께하는 ‘광광, 굉굉’(8월15)도 눈에 띈다. 가수이자 배우인 ‘전방위 예술가’ 백현진은 실험극 ‘백현진 쑈: 공개방송’(9월1∼3일)을 선보인다.임석규 기자 sky@hani.co.kr",https://www.hani.co.kr/arti/culture/music/1090435.html,"세종,공연,문화,회관,앨범"
"‘뉴진스의 아버지’ 250의 첫 단독공연, 싱크 넥스트에 뜬다-국민일보","지난해 음반 ‘뽕’으로 한국대중음악상을 휩쓴 프로듀서 겸 작곡가 250(왼쪽)과 여성 스트리트 댄서 그룹 프라우드먼의 리더 모니카는 올해 세종문화회관의 싱크 넥스트에 참여한다. 세종문화회관3일 세종문화회관 S씨어터에서 열린 ‘싱크 넥스트’ 기자간담회에 아티스트들이 모여 있다. 세종문화회관지난 3월 열린 제20회 한국대중음악상의 주인공은 DJ, 프로듀서 그리고 작곡가인 250(이오공·본명 이호형)이었다. 250은 트로트를 기본으로 한 일렉트로닉 음반 ‘뽕’으로 올해의 음반, 올해의 음악인 등 4개 부문에서 수상했다. 이로써 250은 한국대중음악상 20년 역사상 단 2차례밖에 없었던 한 해 최다 수상 타이기록을 보유하게 됐으며, ‘뽕’은 일렉트로닉 장르 최초의 올해의 음반 수상작이 됐다. 250은 걸그룹 뉴진스의 첫 앨범 메인 프로듀서이자 ‘하입 보이’ ‘어텐션’ ‘디토’ 등을 작곡했는데 뉴진스 역시 올해의 신인, 최우수 K팝 음반, 최우수 K팝 노래 등 3개 부문에서 수상했다.250이 음반 발매 후 첫 단독 공연을 연다. 세종문화회관이 예술적 실험과 도전, 동시대성을 표방하며 지난해 여름 시작한 ‘싱크 넥스트’를 통해서다. 올해 ‘싱크 넥스트’는 7월 6일부터 9월 10일까지 67일간 S씨어터에서 12편이 33회 열린다. 250의 무대는 7월 15일 ‘아직도 모르시나요’라는 제목으로 공연한다. 3일 세종문화회관 S씨어터에서 열린 ‘싱크 넥스트’ 기자간담회에 참석한 250은 “앨범 ‘뽕’의 감성을 흠뻑 느낄 수 있는 무대가 될 것”이라며 “콜라텍이나 무도장 같은 분위기의 공연을 생각하고 있다”고 밝혔다.이번 ‘싱크 넥스트’에는 250 이외에도 다양한 장르의 예술가들이 대거 참여한다. 여성 스트리트 댄서 그룹 프라우드먼의 리더 모니카와 프로듀서 겸 보컬리스트 시피카(CIFIKA)는 퍼포먼스 ‘쓰인 적 없는 ㅅ(시옷)’(8월 18~20일)을, 얼터너티브 팝 밴드 이날치는 새 멤버 영입 후 처음 선보이는 앨범의 라이브 무대(8월 3~5일)를 선보인다. 싱어송라이터이자 영화감독인 이랑과 안무가 겸 배우 모어는 낭독과 음악, 퍼포먼스, 시 등으로 구성된 ‘왜 내가 너의 친구라고 말하지 않는 것인가’(8월 8일)를, 디자이너이자 연출가인 정구호와 안무가 김성훈은 학교 폭력을 다룬 창작 무용 ‘그리멘토’(9월 7~10일)를 꾸민다.이밖에 안무가 김재덕이 6명의 안무가와 함께 펼치는 ‘몸으로 몸한다’(7월 6~8일), 극단 ‘코끼리들이 웃는다’의 관객 참여형 공연 ‘물질’(7월 20∼23일), R&B 싱어송라이터 서사무엘과 수화 아티스트 지후트리의 ‘그러면 사랑 얘기는 누가 하지’(7월 28~30일), 인디밴드 너드커넥션과 미디어 아티스트 현지원의 ‘테라리움’(8월 12∼13일), ‘잠비나이’ 멤버 이일우와 서울시국악관현악단 단원들이 함께하는 ‘광광, 굉굉’(8월 15일), 리서치그룹 궁리소 묻다의 ‘우주 양자 마음’도 눈에 띈다. 가수이자 배우인 ‘전방위 예술가’ 백현진은 실험극 ‘백현진 쑈: 공개방송’(9월 1∼3일)을 선보인다.안호상 세종문화회관 사장은 “세종문화회관의 활동들이 우리 사회가 요구하는 복잡성에 비해 너무 단조롭지 않았나 생각한다”면서 “‘싱크 넥스트’는 대중이 기대하는 예술활동, 예술가들의 다양한 관점과 고민을 담아보고자 한다”고 취지를 밝혔다.장지영 선임기자 jyjang@kmib.co.krGoodNews paper ⓒ 국민일보(www.kmib.co.kr) , 무단전재 및 수집, 재배포금지",https://news.kmib.co.kr/article/view.asp?arcid=0018227034&code=61171211&cp=nv,"세종,문화,회관,싱크,넥스트"
"뉴진스, 日오리콘 해외 女가수 최단 1억 스트리밍 [연예뉴스 HOT]",걸그룹 뉴진스가 일본 오리콘 차트에서 해외 여성 가수 중 가장 빠른 속도로 1억 스트리밍을 달성했다. 3일 오리콘이 발표한 주간 스트리밍 랭킹(5월8일자)에 따르면 뉴진스가 지난해 12월 19일 공개한 노래 ‘디토’는 19주 만에 누적 재생수 1억 회를 돌파했다. 소속사 어도어는 “오리콘 차트에서 1억 회 넘게 스트리밍된 해외 여성 아티스트의 곡 가운데 최단 기간 신기록”이라면서 “해외 남녀 아티스트 통틀어서는 역대 4위”라고 설명했다. 뉴진스는 ‘디토’가 실린 싱글 ‘OMG’로 올해 1월 오리콘 주간 합산 싱글 랭킹에서 두 차례 정상을 차지했다.이승미 기자 smlee@donga.com,https://sports.donga.com/article/all/20230503/119131065/1,"오리콘,뉴진스,해외,스트리밍,차트"
"송혜교·수지·뉴진스…히메컷, 왜 다시 유행인가","1황철순, 주가조작 가담 의혹 부인…""난 주식 모르는 똥멍청이""예능 프로그램에 출연해 얼굴을 알린 헬스 트레이너 황철순이 주가 조작 가담 의혹을 부인했다. 3일 황철순은 자신의 인스타그램에 ""3일 전부터 많은 기자분께서 (헬스장을) 뚫고 들어오신다""며 ""나는 주식도 모르는 똥멍청이이며 투자 제안도 받아본 적이 없으며 아직 피해 사실이 확인된 바 없다""고 적었다. ""운동과 관련되지 않은 부분에 대해서는 어떤 말씀이나 책임 있는 설명을 해드릴 수 없는 위치라는 것을 이해해 주시기 바란다""며 ""그렇게 많은 인터뷰를 해도 기사 한 토막 안 나간 이유는 내 얘기가 영양가가 없다는 얘기""라고",http://www.newsis.com/view/?id=NISX20230503_0002290388&cID=10601&pID=10600,"황철순,가담,의혹,부인,주식"
"[줌인] 뉴진스 다니엘, ‘인어공주’ 목소리 연기에 쏟아지는 비난..왜?","그룹 뉴진스 멤버 다니엘이 '인어공주' 에리얼 한국어 더빙을 맡는 것을 놓고 영화 공개 전부터 다양한 말들이 쏟아지고 있다. 사진=월트디즈니컴퍼니 코리아, IS포토그룹 뉴진스 멤버 다니엘이 디즈니 라이브 액션 영화 ‘인어공주’ 주인공 에리얼 한국어 더빙을 맡는다. 다니엘로선 첫 더빙 도전이지만, 벌써부터 ‘인어공주’를 둘러싼 논란에 한 획을 더하고 있어 안타까움을 자아낸다.3일 영화계에 따르면 다니엘은 이달 중순께 개봉하는 영화 ‘인어공주’(감독 롭 마샬)의 주인공 에리얼 한국어 더빙을 맡아 처음으로 더빙 연기에 도전한다. ‘인어공주’는 늘 바다 너머의 세상을 꿈꾸던 모험심 가득한 인어공주 에리얼(할리 베일리 분)이 조난당한 에릭 왕자(조나 하우어 킹)를 구해주며 자신의 마음의 소리를 따라 금지된 인간 세상으로 나아가는 모험을 그린 영화. 1989년 제작돼 세계적인 화제를 모은 동명 애니메이션을 실사 뮤지컬 영화로 만들었다.앞서 월트디즈니컴퍼니 코리아는 ‘인어공주’ 한국어 더빙으로, 배우 정영주가 바다를 지배하려는 바다 마녀 울슐라 역을, 정상훈이 왕실 오케스트라 지휘자인 바닷가재 세바스찬 역을 맡는다고 밝혔다. 다만 주인공 에리얼 역 캐스팅은 실루엣만 공개하며 물음표 속 인물을 맞히는 이벤트를 공지했다. 또한 유출된 영상에서 에리얼 목소리를 연기한 한국 아티스트의 대사와 그가 에리얼 테마곡 ‘파트 오브 유어 월드’(Part of Your World)를 부른 모습 일부가 공개돼 궁금증을 유발시켰다.취재 결과 다니엘은 한국의 에리얼을 맡아달라는 디즈니의 요청을 받고 고심 끝에 수락, 첫 연기 도전에 나섰다는 후문이다. 디즈니는 다니엘이 한국과 호주 이중국적자로 한국어와 영어에 능통한데다, 어릴 적부터 다양한 방송 활동과 노래 실력까지 겸비하고 있고 뉴진스로 1020세대에 높은 인기를 얻고 있어서, 에리얼 한국어 더빙에 적역이라고 판단한 것으로 전해졌다.하지만 아직 다니엘이 에리얼을 맡았다는 사실을 공표하기 전부터, 의외의 역풍이 불고 있다. 정영주는 ‘맘마마아’ ‘오페라의 유령’ 등 뮤지컬에서 일찍이 뛰어난 가창력과 연기력을 인정받았던 데다 정상훈도 영화와 드라마, 뮤지컬 등에서 쌓아온 실력으로 충분히 더빙을 맡을 만하다는 평을 받고 있는 반면, 다니엘에 대해선 벌써부터 우려의 목소리가 나오고 있는 것. 아직 다니엘이 목소리 연기를 한 일부 영상을 보고 한국어 발음과 노래 실력 등에 의구심을 드러내는 여론이 여러 커뮤니티를 통해 확산하고 있다.이는 애니메이션 더빙을 유명 연예인보다 전문 성우에게 맡겨야 한다는 원론적인 주장에 ‘인어공주’ 기획부터 쏟아지는 비난들이 더해진 것 때문으로 보인다. 한국에선 유명 연예인들이 애니메이션 더빙을 하는 데 대해 일부 관객들의 거부감이 유독 크다. 실제로 일본 애니메이션 ‘너의 이름은.’은 2017년 개봉 당시 한국어 더빙을 배우 지창욱, 김소현, 이레 등이 맡았지만 애니 팬들의 혹독한 비난에 시달렸다. 이에 ‘너의 이름은.’ 수입사 미디어캐슬은 ‘스즈메의 문단속’ 흥행에 힘입어 ‘너의 이름은.’ 한국어 더빙을 오는 5월 전문 성우에 맡겨 다시 개봉하기로 했다.그랬던 터라 ‘인어공주’도 다니엘이 에리얼 역을 맡는 것에 대해, 아직 공개도 되기 전에 거부감을 드러내는 사람들이 많은 것이다.여기에 ‘인어공주’가 추구하는 PC(Political Correctness·정치적 올바름)에 대한 일부 대중의 반감도 더해져 더욱 논란이 부추겨 지고 있다. ‘인어공주’는 에리얼을 백인으로 묘사했던 원작 애니메이션과 달리 흑인인 할리 베일리가 인어공주를 맡는 것에 대해 기획부터 북미에서 논란이 뜨거웠다. 성, 인종, 종교 등을 이유로 약자와 소수자가 차별받아선 안된다는 PC가 지나칠 정도로 창작의 자유를 제한하고 있으며 심지어 역차별을 하고 있다는 반감까지 일었던 것.할리우드 메이저 스튜디오 중 특히 디즈니가 작품들에서 PC 추구를 방향점으로 내세우고 있는데다 ‘인어공주’는 그런 점에서 상징적인 작품이다보니 새로운 소식이 전해질 때마다 작은 아쉬움과 실수마저 논란으로 부채질되는 경향이 있다. 이는 한국에서도 마찬가지.지난달 28일 디즈니+에서 공개된 ‘피터팬 & 웬디’에서 팅커벨 역을 흑인 배우가 맡은 것과 넷플릭스에서 10일 공개되는 ‘퀸 클레오파트라’에서 클레오파트라 역을 흑인 배우가 맡은 것, 공교롭게도 ‘인어공주’ 개봉까지 비슷한 시점에 맞춰지면서 PC논란은 더욱 거세지고 있다.아직 공개되지도 않은 다니엘의 에리얼 목소리 더빙 연기에 대한 논란은, 이런 ‘인어공주’에 대한 반감 흐름이 더해지면서 부채질된 경향이 없지 않다.익명을 요구한 한 관계자는 “’인어공주’에 대한 거부감이라기 보다는 PC가 싫고, PC가 추구하는 바를 억울하게 여기는 사람들의 반발이 반영되고 있는 것 같다”면서 “작품을 보고 온당한 평가가 이뤄졌으면 좋겠다”고 토로했다.넷플릭스 시리즈 ‘브리저튼’이 공개되기 전, PC에 반대하는 사람들은 영국 여왕을 흑인 배우가 연기한 것에 거세게 반발했다. ‘브리저튼’이 공개된 뒤 빼어난 재미와 완성도로 넷플릭스 최고 인기작으로 떠오르자 그런 반발은 쏙 들어갔다.‘인어공주’도 그런 전철을 밟을 수 있을지, 다니엘의 목소리 연기는 어떨지, 5월 극장가의 흥미로운 관전 포인트가 될 전망이다.전형화 기자 brofire@edaily.co.kr",https://isplus.com/article/view/isp202305030069,"인어공주,에리얼,더빙,다니엘,한국어"
"뉴진스 프로듀서 250, ‘뽕’으로 세종문화회관 선다","케이(K)팝그룹 뉴진스의 데뷔 앨범을 만든 프로듀서 이오공(250)이 오는 7월 15일 세종문화회관에서 첫 단독 무대 ‘아직도 모르시나요’를 공연한다. 세종문화회관 제공 .걸그룹 뉴진스의 프로듀서 이오공(250·이호형)과 밴드 이날치, 가수 백현진과 이랑, 안무가 모니카…. ‘뜨거운 예술가들’이 세종문화회관이 기획한 ‘싱크 넥스트 23’에 총출동한다. 오는 7월6일부터 9월10일까지 블랙박스형 극장 ‘세종S씨어터’가 그 무대. 일렉트로니카와 국악, 인디와 트로트 등 다양한 음악에 스트리트 댄스와 수화 퍼포먼스, 설치미술, 스탠드업 코미디 등 장르 구분을 넘어선 공연을 풀어낸다.‘어텐션’, ‘하입 보이’, ‘디토’ 등을 작곡해 뉴진스 열풍을 일궈낸 프로듀서 겸 작곡가 이오공에겐 이번 공연이 첫 단독 무대다. 그는 오는 7월15일 세종문화회관 S씨어터에서 ‘아직도 모르시나요’라는 제목으로 공연한다. “지난해 발표한 앨범 ‘뽕’의 감성을 흠뻑 느낄 수 있는 무대가 될 겁니다. 콜라텍이나 무도장 같은 분위기의 공연을 생각하고 있어요.” 이오공은 3일 세종문화회관 간담회에서 “앨범 ‘뽕’이 가진 기본적 정서는 슬픔과 애수를 마음에 품고 몸은 신나는 리듬에 맞춰 춤을 추면서 느껴지는 어떤 갭(차이)을 즐기는 것이었다”며 “그 앨범의 감성을 더 입체적으로 자세하게 느낄 수 있는 그런 시간을 만들기 위해 노력하겠다”고 말했다. 그는 지난해 트로트를 바탕으로 한 일렉트로닉 앨범 ‘뽕’으로 한국대중음악상 4개 부문을 수상했다.세종문화회관이 기획한 ‘싱크 넥스트 23’에 ‘뜨거운 예술가’들이 총출동한다. 세종문화회관 제공.‘싱크 넥스트’는 관습적 장르 구분을 벗어나 새로운 예술적 경험을 제공한다는 취지로 세종문화회관이 지난해 여름철부터 시작한 프로그램이다. 12편 작품에 33회 공연이다.여성 스트릿 댄서팀 ‘프라우드먼’의 리더인 모니카는 보컬리스트 겸 프로듀서 씨피카와 함께 퍼포먼스 ‘쓰인 적 없는 ㅅ(시옷)’(8월18~20일)을 선보인다. 평범한 일상에서 느끼는 다양한 감정을 12개의 문장에 담아낸다. 모니카는 “포근하고 쉬운 공연을 만들겠다. 낯섦을 낯익음으로 바꾸는 게 목표”라며 “20·30세대, 나아가 10대 후반 관객이 ‘공연장은 놀이터 같은 곳이구나’ 느꼈으면 좋겠다”고 했다.싱어송라이터이자 영화감독, 작가인 이랑과 안무가이자 배우 모어는 욕망과 외로움을 다룬 ‘왜 내가 너의 친구라고 말하지 않는 것인가’(8월8일)를 공연한다. 이랑은 “삶을 살아가면서 자주 느끼는 감정 중 하나인 외로움에 관한 무대를 만들어보고 싶었다”고 말했다.이밖에 극단 ‘코끼리들이 웃는다’의 관객 참여형 공연 ‘물질’(7월20∼23일)과 인디밴드 너드커넥션의 ‘테라리움’(8월12∼13일), ‘잠비나이’ 멤버인 이일우와 서울시 국악관현악단 단원들이 함께하는 ‘광광, 굉굉’(8월15)도 눈에 띈다. 가수이자 배우인 ‘전방위 예술가’ 백현진은 실험극 ‘백현진 쑈: 공개방송’(9월1∼3일)을 선보인다.임석규 기자 sky@hani.co.kr",https://www.hani.co.kr/arti/culture/music/1090435.html,"세종,공연,문화,회관,앨범"
"‘뉴진스의 아버지’ 250의 첫 단독공연, 싱크 넥스트에 뜬다-국민일보","지난해 음반 ‘뽕’으로 한국대중음악상을 휩쓴 프로듀서 겸 작곡가 250(왼쪽)과 여성 스트리트 댄서 그룹 프라우드먼의 리더 모니카는 올해 세종문화회관의 싱크 넥스트에 참여한다. 세종문화회관3일 세종문화회관 S씨어터에서 열린 ‘싱크 넥스트’ 기자간담회에 아티스트들이 모여 있다. 세종문화회관지난 3월 열린 제20회 한국대중음악상의 주인공은 DJ, 프로듀서 그리고 작곡가인 250(이오공·본명 이호형)이었다. 250은 트로트를 기본으로 한 일렉트로닉 음반 ‘뽕’으로 올해의 음반, 올해의 음악인 등 4개 부문에서 수상했다. 이로써 250은 한국대중음악상 20년 역사상 단 2차례밖에 없었던 한 해 최다 수상 타이기록을 보유하게 됐으며, ‘뽕’은 일렉트로닉 장르 최초의 올해의 음반 수상작이 됐다. 250은 걸그룹 뉴진스의 첫 앨범 메인 프로듀서이자 ‘하입 보이’ ‘어텐션’ ‘디토’ 등을 작곡했는데 뉴진스 역시 올해의 신인, 최우수 K팝 음반, 최우수 K팝 노래 등 3개 부문에서 수상했다.250이 음반 발매 후 첫 단독 공연을 연다. 세종문화회관이 예술적 실험과 도전, 동시대성을 표방하며 지난해 여름 시작한 ‘싱크 넥스트’를 통해서다. 올해 ‘싱크 넥스트’는 7월 6일부터 9월 10일까지 67일간 S씨어터에서 12편이 33회 열린다. 250의 무대는 7월 15일 ‘아직도 모르시나요’라는 제목으로 공연한다. 3일 세종문화회관 S씨어터에서 열린 ‘싱크 넥스트’ 기자간담회에 참석한 250은 “앨범 ‘뽕’의 감성을 흠뻑 느낄 수 있는 무대가 될 것”이라며 “콜라텍이나 무도장 같은 분위기의 공연을 생각하고 있다”고 밝혔다.이번 ‘싱크 넥스트’에는 250 이외에도 다양한 장르의 예술가들이 대거 참여한다. 여성 스트리트 댄서 그룹 프라우드먼의 리더 모니카와 프로듀서 겸 보컬리스트 시피카(CIFIKA)는 퍼포먼스 ‘쓰인 적 없는 ㅅ(시옷)’(8월 18~20일)을, 얼터너티브 팝 밴드 이날치는 새 멤버 영입 후 처음 선보이는 앨범의 라이브 무대(8월 3~5일)를 선보인다. 싱어송라이터이자 영화감독인 이랑과 안무가 겸 배우 모어는 낭독과 음악, 퍼포먼스, 시 등으로 구성된 ‘왜 내가 너의 친구라고 말하지 않는 것인가’(8월 8일)를, 디자이너이자 연출가인 정구호와 안무가 김성훈은 학교 폭력을 다룬 창작 무용 ‘그리멘토’(9월 7~10일)를 꾸민다.이밖에 안무가 김재덕이 6명의 안무가와 함께 펼치는 ‘몸으로 몸한다’(7월 6~8일), 극단 ‘코끼리들이 웃는다’의 관객 참여형 공연 ‘물질’(7월 20∼23일), R&B 싱어송라이터 서사무엘과 수화 아티스트 지후트리의 ‘그러면 사랑 얘기는 누가 하지’(7월 28~30일), 인디밴드 너드커넥션과 미디어 아티스트 현지원의 ‘테라리움’(8월 12∼13일), ‘잠비나이’ 멤버 이일우와 서울시국악관현악단 단원들이 함께하는 ‘광광, 굉굉’(8월 15일), 리서치그룹 궁리소 묻다의 ‘우주 양자 마음’도 눈에 띈다. 가수이자 배우인 ‘전방위 예술가’ 백현진은 실험극 ‘백현진 쑈: 공개방송’(9월 1∼3일)을 선보인다.안호상 세종문화회관 사장은 “세종문화회관의 활동들이 우리 사회가 요구하는 복잡성에 비해 너무 단조롭지 않았나 생각한다”면서 “‘싱크 넥스트’는 대중이 기대하는 예술활동, 예술가들의 다양한 관점과 고민을 담아보고자 한다”고 취지를 밝혔다.장지영 선임기자 jyjang@kmib.co.krGoodNews paper ⓒ 국민일보(www.kmib.co.kr) , 무단전재 및 수집, 재배포금지",https://news.kmib.co.kr/article/view.asp?arcid=0018227034&code=61171211&cp=nv,"세종,문화,회관,싱크,넥스트"
"""블핑과 뉴진스만 기록했던""…피프티 피프티, 6주 연속 '핫100'","""블핑과 뉴진스만 기록했던""…피프티 피프티, 6주 연속 '핫100'[Dispatch=김다은기자] ‘피프티 피프티’가 빌보드에서 최고 기록을 갈아치웠다. 6주 동안 한 번도 쉬지 않고 꾸준히 상승세를 띠고 있다.빌보드는 3일 최신차트(5월 6일자)를 발표했다. 피프티 피프티는 신곡 ‘큐피드’로 메인 음원 차트 ‘핫100’ 41위에 올랐다.역대 K팝 걸그룹이 핫100에서 쓴 기록 중 4번째로 높은 순위다. 블랙핑크의 ‘핑크 베놈’ (22위), ‘셧 다운’(25위), ‘하 유 라이크 댓’(33위)이 기록을 세웠다.6주 연속 빌보드에 진입했다. 피프티 피프티는 지난달 1일 해당 차트에 100위로 진입했다. 2주차 94위, 3주차 85위, 4주차 60위, 5주차 50위로 매주 새 기록을 썼다.이는 유의미한 기록이다. '핫100'에 6주 연속 진입한 3번째 K팝 걸그룹이 됐다. 블랙핑크, 뉴진스가 앞서 기록을 보유하고 있었다.빌보드 다른 차트에서도 선전 중이다. ‘빌보드 글로벌 200’(미국 제외)에서도 8위로 이름을 올렸다.한편 ‘큐피드’는 지난 2월 24일 발표된 첫 번째 싱글의 타이틀 곡이다. 디스코 팝 장르로, 편안한 리듬과 레트로풍 선율이 특징이다.<사진제공=어트랙트, 빌보드 차트>",http://www.dispatch.co.kr/2248325,"프티,기록,빌보드,차트,주차"
"BTS·세븐틴·르세라핌·뉴진스, 'K팝 톱' 넘어 새 역사 기록중…글로벌 역대급 성과","방탄소년단과 세븐틴, 르세라핌, 뉴진스 등 하이브 레이블즈 아티스트들이 K팝 톱을 넘어 글로벌 역사 수준의 기록을 거듭 탄생시키고 있다.3일 빅히트뮤직·플레디스엔터·쏘스뮤직·어도어 등 하이브 레이블즈 측은 최근 국내외 차트발표를 인용, 아티스트들의 글로벌 기록갱신 행보들을 전했다.전해진 바에 따르면 방탄소년단과 세븐틴, 르세라핌, 뉴진스 등 아티스트들은 빌보드·오리콘 등 글로벌 차트는 물론 스포티파이·멜론 등 국내외 스트리밍 지표, 피지컬앨범 등 전반적인 부분에서 역대급 기록을 내고 있다.먼저 방탄소년단은 활동명 Agust D를 앞세운 슈가와 데뷔 첫 솔로행보에 나선 지민 등 두 멤버를 필두로 그룹 성과에 필적하는 기록을 내고 있다.슈가는 지난달 21일 Agust D로 발표한 솔로 앨범 ‘D-DAY’와 타이틀곡 '해금'으로 '핫100' 58위, '빌보드200' 2위 등 미국 빌보드 메인차트에서 최상위를 차지한 데 이어, ‘톱 앨범 세일즈’, ‘톱 커런트 앨범’, ‘톱 랩 앨범’, ‘월드 앨범’, ‘디지털 송 세일즈’, ‘랩 디지털 송 세일즈’, ‘월드 디지털 송 세일즈’ 등 세부적인 차트에서 정상을 기록하는 등 압도적인 성과를 이뤘다.또 지민은 슈가와 미국 빌보드 메인차트 타이기록을 낸 이후, 첫 솔로 앨범 ‘FACE’(빌보드200 70위), 타이틀곡 ‘Like Crazy’(핫 100 97위) 등 5주 연속 차트인 릴레이를 거듭하며 글로벌 아티스트 감각을 드러냈다.세븐틴은 최근 발표한 미니 10집 ‘FML’로 초동판매고 455만214장이라는 역대급 초동 기록을 냈던 데 이어, 동일 앨범으로 일본 오리콘 차트에서 주간 디지털 앨범, 앨범 랭킹 정상을 잇따라 차지하는 등 압도적인 실력발휘를 하고 있다.미국 빌보드의 공식집계 반영과 함께, 오는 8일 공개될 더블 타이틀곡 중 하나인 ‘F*ck My Life’ 뮤직비디오를 기점으로 한 또 다른 글로벌 기록이 기대되고 있다.르세라핌은 첫 정규앨범 ‘UNFORGIVEN’로 발매 당일 밀리언셀링(102만 4034장) 기록과 함께, K-팝 걸그룹 중 첫 날 판매고 1위 기록을 달성하며 화제의 중심이 되고 있다.또 타이틀곡 ‘UNFORGIVEN (feat. Nile Rodgers)’로 벅스(2위), 멜론(4위), 지니(7위) 등 국내 음원차트 최상위, 타이틀곡 뮤비 2000만뷰 돌파 등 데뷔 1년만의 수직상승 성과가 현재진행형으로 이뤄지고 있음이 주목된다.뉴진스는 Ditto와 OMG에 이어, Hype boy 등으로 스포티파이 3억 스트리밍을 달성한 데 이어, 오리콘 누적재생 1위(Ditto)를 기록하는 등 꾸준히 롱런을 달성하고 있다.이는 오는 8월 일본 '서머소닉' 출격확정과 함께 미국 골드하우스 2023년 ‘A100’ 선정 등으로 이어지며 '글로벌 막내 온 탑'으로서의 존재감을 가늠케 한다.이처럼 방탄소년단과 세븐틴, 르세라핌, 뉴진스 등 하이브 레이블즈 아티스트들은 국내외를 아우르는 K팝 역사를 새롭게 쓰고 있다.전자신문인터넷 박동선 기자 (dspark@etnews.com)",https://www.etnews.com/20230503000130,"기록,앨범,차트,글로벌,빌보드"
"카카오 장윤중·CJ ENM 정우성·뉴진스, '영향력 있는 아시아 100인'","1황철순, 주가조작 가담 의혹 부인…""난 주식 모르는 똥멍청이""예능 프로그램에 출연해 얼굴을 알린 헬스 트레이너 황철순이 주가 조작 가담 의혹을 부인했다. 3일 황철순은 자신의 인스타그램에 ""3일 전부터 많은 기자분께서 (헬스장을) 뚫고 들어오신다""며 ""나는 주식도 모르는 똥멍청이이며 투자 제안도 받아본 적이 없으며 아직 피해 사실이 확인된 바 없다""고 적었다. ""운동과 관련되지 않은 부분에 대해서는 어떤 말씀이나 책임 있는 설명을 해드릴 수 없는 위치라는 것을 이해해 주시기 바란다""며 ""그렇게 많은 인터뷰를 해도 기사 한 토막 안 나간 이유는 내 얘기가 영양가가 없다는 얘기""라고",http://www.newsis.com/view/?id=NISX20230502_0002288317&cID=10601&pID=10600,"황철순,가담,의혹,부인,주식"
"뉴진스·수지·송혜교도 한 ‘공주머리’, 유행 또 돌아왔다",,https://www.chosun.com/culture-life/fashion-beauty/2023/05/03/VR57RLPQMZDNBNKNNVJGWMOUX4/?utm_source=naver&utm_medium=referral&utm_campaign=naver-news,
"뉴진스, 日오리콘 해외 女가수 최단 1억 스트리밍 [연예뉴스 HOT]",걸그룹 뉴진스가 일본 오리콘 차트에서 해외 여성 가수 중 가장 빠른 속도로 1억 스트리밍을 달성했다. 3일 오리콘이 발표한 주간 스트리밍 랭킹(5월8일자)에 따르면 뉴진스가 지난해 12월 19일 공개한 노래 ‘디토’는 19주 만에 누적 재생수 1억 회를 돌파했다. 소속사 어도어는 “오리콘 차트에서 1억 회 넘게 스트리밍된 해외 여성 아티스트의 곡 가운데 최단 기간 신기록”이라면서 “해외 남녀 아티스트 통틀어서는 역대 4위”라고 설명했다. 뉴진스는 ‘디토’가 실린 싱글 ‘OMG’로 올해 1월 오리콘 주간 합산 싱글 랭킹에서 두 차례 정상을 차지했다.이승미 기자 smlee@donga.com,https://sports.donga.com/article/all/20230503/119131065/1,"오리콘,뉴진스,해외,스트리밍,차트"
"뉴진스, 'ZERO' 뮤직비디오 비하인드 컷 공개","'뉴진스'의 독보적인 매력이 가득 담긴 사진들이 공개됐다.2일 코카-콜라는 브랜드 모델로 활약하고 있는 뉴진스의 짜릿한 표정과 상큼한 에너지로 가득 찬 비하인드 사진들을 공개했다.앞서 코카-콜라는 글로벌 앰버서더로 뉴진스를 선정하며 코카-콜라 제로의 짜릿함을 색다르고 트렌디하게 전하기 위해 나섰다. 가장 첫 행보로 코카-콜라의 글로벌 뮤직 플랫폼 '코-크 스튜디오(Coke Studio)'와의 협업을 통해 CM송 'Zero'를 발매한 데 이어 뉴진스가 코카-콜라 제로와 함께 떠나는 즐거운 여행 모습을 담은 뮤직비디오도 공개하는 등 다양한 활동을 이어가고 있다.신곡 'Zero'는 익숙한 '코카-콜라 송'에 트렌디한 비트와 뉴진스만의 독보적 음색이 더해진 곡으로 음원 차트 상위권에 오르는 등 뜨거운 반응을 얻고 있다.이번에 공개된 사진 속에서 뉴진스는 Z세대 아이콘답게 누구나 쉽게 따라 할 수 없는 독보적인 매력을 맘껏 뽐내며 눈길을 끈다. 코카-콜라 제로의 짜릿함을 생생하고 상큼한 표정으로 나타냈다.본지와 전화 통화한 코카콜라 관계자는 ""뉴진스와 코카-콜라 제로가 함께 하는 짜릿한 순간을 흥미롭게 담아낸 'Zero' 뮤직비디오가 많은 사랑을 받고 있다""며 ""뉴진스와 다양한 컬래버레이션 활동을 이어갈 계획이다다""고 전했다.",https://www.starnewskorea.com/stview.php?no=2023050213502795001,"뉴진스,코카,콜라,공개,제로"
"뉴진스·카카오 장윤중, '美 영향력 있는 아시아인 100인' 선정","비영리단체 골드하우스 선정 'A100' 목록 올라뉴진스 [어도어 제공. 재판매 및 DB 금지](서울=연합뉴스) 임지우 기자 = 그룹 뉴진스와 카카오엔터테인먼트의 장윤중 글로벌전략담당(GSO)이 미국 비영리단체 골드하우스가 발표한 2023년 '미국에서 가장 영향력 있는 아시아인 100인'에 선정됐다.뉴진스와 장 GSO는 골드하우스가 지난 1일(현지 시간) 홈페이지를 통해 공개한 'A100' 명단에 이름을 올렸다.'A100'은 아시아 태평양 지역의 문화예술인을 지원하는 비영리 단체 골드하우스(Gold House)에서 매년 미국 문화와 사회에 큰 영향을 끼친 아시아인 100명을 선정해 발표하는 명단이다.광고카카오엔터 장윤중 글로벌 담당 임원 [카카오엔터 제공. 재판매 및 DB 금지]골드하우스 측은 뉴진스를 두고 ""솔직하고 독창적인 음악으로 케이팝의 지평을 넓힌 그룹""이라며 ""최근 글로벌 히트곡 '디토'와 'OMG'로 빌보드 '핫100' 차트에 진입하는 등 여러 기록을 세우고 있다""고 선정 이유를 밝혔다.장윤중 GSO에 대해서는 ""한국 음악 산업을 주도하고 있는 카카오엔터테인먼트에서 음악 부문 글로벌 전략을 총괄하며 아이브, 더보이즈 등 산하 레이블 아티스트들이 글로벌 팬들에게 다가갈 수 있도록 하는 데 중추적 역할을 하고 있다""고 설명했다.장 GSO는 앞서 미국의 음악 전문 매체 빌보드가 지난 달 발표한 세계 음악계에서 영향력 있는 인물인 '빌보드 인터내셔널 파워플레이어스'에 선정되기도 했다.올해 'A100' 명단에는 야구선수 쇼헤이 오타니, 디자이너 안나 수이 등이 이들과 함께 이름을 올렸다.지난해에는 윤여정, '오징어 게임' 황동혁 감독, 이정재, 이민진 작가 등이 선정됐다.wisefool@yna.co.kr제보는 카카오톡 okjebo <저작권자(c) 연합뉴스, 무단 전재-재배포 금지>",https://www.yna.co.kr/view/AKR20230502119600005?input=1195m,"선정,골드,하우스,카카오,글로벌"
"뉴진스 다니엘, '인어공주' 에리얼 더빙 맡나…실루엣 공개","연한 핑크빛 립스틱을 바른 입술, 은은한 살굿빛 눈두덩이와 양 볼. 요즘 젊은 외국인 여성들이 사회관계망서비스(SNS)에 올리는 'K팝 아이돌 메이크업' 영상에서의 모습이다.전 세계적으로 블랙핑크, 아이브, 뉴진스 등 'K팝 여자 아이돌'이 큰 인기를 끌면서 이들이 주로 하는 '한국 아이돌 메이크업'에 대한 관심이 높아지고 있다. 한국의 아이돌에 대한 관심이 '실제로 그들의 스타일을 닮고 싶다', '따라 해보고 싶다'라는 생각으로 이어진 것. 이에 온라인상에서는 K팝 여자 아이돌의 화장법을 따라 하는 영상이 하나의 트렌드로 자리 잡았다.K팝 여자 아이돌의 메이크업 스타일을 따라 하는 등 'K-뷰티'에 대한 관심은 수치로도 증명됐다. 대한상공회의소가 최근 급증하고 있는 외국인 관광객들의 쇼핑 트렌드를 분석하기 위해 '외국인 관광객 선호 K-상품군'을 조사한 결과, 외국인들이 가장 선호하는 상품군은 '의류 및 피혁류(30.8%)' 다음으로 '화장품 및 향수(30.0%)'가 2위를 차지했다. 국적 관계없이 화장품 등 상품선택 기준으로 우선 고려한 것 중 하나가 '한국적 상품(18.3%)'일 정도다.한국에서 거주하며 한국 화장품을 사용해 후기를 전하는 블로거 나호프 씨는 자신의 블로그에 한국식 메이크업만의 특징인 애교살을 강조해 청순함을 드러내는 메이크업을 즐긴다고 밝히며 ""(최근에) 연한 분홍빛이 나는 애교살 라이너(한국 제품)를 구매했는데, 내 얼굴을 부드럽고 여성스러운 이미지로 만들어줘서 자주 사용하고 있다""고 말했다.유튜브나 틱톡, 인스타그램 등 동영상 공유 플랫폼에 '한국식 메이크업', '한국 아이돌 메이크업' 등의 검색어를 입력하면, 외국인 여성들이 한국의 화장품 등을 이용해 해당 메이크업 챌린지를 선보이는 영상들을 쉽게 찾아볼 수 있다. 특히 틱톡에서는 인기 걸그룹 아이브의 멤버 장원영의 메이크업을 따라 하는 영상들이 눈에 띈다. 얼굴에서 특정한 부위에, 과한 포인트를 주는 것이 아닌, 특유의 청순한 느낌 살린 메이크업을 따라 하는 것이다.한국식 메이크업은 '진하지 않은 이목구비 표현으로 개개인의 얼굴별 장점을 극대화해준다'는 평가를 받는다. 메이크업 아티스트로 활동 중인 류모 씨(28)는 ""미국인들은 음영을 확실하게 주는 '컨투어링 메이크업'을 선호하는 모습을 보여왔다. 성숙해 보이고 고혹적이거나, 화려한 분위기를 자아내는 메이크업 방식이다""면서 ""요즘 간간이 메이크업을 받으러 오는 외국인 손님들 말을 들어보면 한국의 여자 아이돌처럼 청순하게 해달라는 사람들이 부쩍 늘었다. 그게 더 예뻐 보인다고 하더라""고 말했다.한국식 메이크업을 여러 차례 선보여 유튜브 스타가 된 사례도 있다. '한국식 메이크업 튜토리얼' 영상으로 유명한 우크라이나계 러시아 모델이자 유튜버 다샤 타란은 ""한국식 메이크업을 전수받은 뒤로 한국식 메이크업에 빠져들었다""며 화장하는 순서부터 방법 모두 한국인 뷰티 유튜버들이 하는 것과 비슷한 방법으로 진행한다. 한국식 화장법만으로 구독자 176만명을 보유한 유튜브 스타가 됐다.베트남 하노이 출신의 한 뷰티 유튜버는 자신의 유튜브 채널에 한국식 화장법의 특징을 소개하는 영상을 올려 외국인들 사이 화제가 됐다. 영상에서 그는 ""한국식 화장법의 특징은 자연스러운 피부 표현인데, 즉 화사하면서 자연스럽게 피부를 표현해야 한다는 것""이라며 ""진하지 않게 눈 화장을 하고, 흰색 하이라이터를 아래에 발라 애교살을 강조해 주면 되고, 블러셔로 생기를 주면 어려 보이는 메이크업이 된다""고 설명했다.이 같은 인기에 힘입어 지난 2월 한국방문위원회는 외국인 관광객이 몰리는 명동의 K-뷰티 체험·홍보관 '뷰티플레이'에서 20~30대 외국인 여성 방한객들이 K-뷰티 콘텐츠를 직접 경험하고 소통할 수 있는 자리를 마련했다. 지난 1월에는 주독일한국문화원이 독일인들을 대상으로 K-뷰티에 대한 정보를 전달하고, 한국식 화장법을 소개하는 자리를 가지기도 했다.전문가들은 외국인들이 K팝 여자 아이돌만의 메이크업 스타일을 따라 하는 것은, 단순히 K팝 콘텐츠의 인기가 아니라 한국 여자 아이돌의 메이크업 방식 등 'K-스타일'의 브랜드 가치를 선호하는 성향이 반영된 것이라고 분석했다.김헌식 대중문화평론가는 ""K팝이 대세인 것도 있지만, SNS상에서 '나는 인종차별 의식이 없다', '열려있는 사람이다'는 것을 알려주고 싶은 목표도 있을 것""이라며 ""K팝 여자 아이돌의 스타일은 최근 외국인들이 봤을 때도 '트렌디'하다는 평가를 받는 만큼, 자신도 그것을 따라 하고 보여주며 SNS상에서 과시하고 싶은 마음이 반영된 것도 있다""고 설명했다.이어 ""SNS, 유튜브 등이 워낙 발달해있어 트렌디한 스타일을 검색하다가 한국 아이돌 사진이나 영상 등을 접하면 그들이 하고 나온 메이크업을 보며 '예뻐 보인다'는 시선을 가질 것""이라며 ""외국인들 입장에서는 그간 해보지 못했던 스타일을 자신에게 입혀가며 트렌디한 스타일을 찾아가는 재미를 느끼는 것으로 보인다""고 덧붙였다.그러면서 ""외국인들이 한국의 메이크업을 따라 하고 하는 문화를 낯설게 생각할 필요는 없고, 전 세계적인 트렌드 중 하나로 꼽히는 '한국 아이돌만의 스타일'을 따라가는 것이라고 보면 된다""고 말했다.김세린 한경닷컴 기자 celine@hankyung.com",https://www.hankyung.com/entertainment/article/202305026851H,"메이크업,한국,아이돌,외국인,스타일"
‘뉴진스의 아버지’ 250부터 모니카까지…“오늘을 살아가는 우리의 이야기”,"동시대 예술의 신선한 경험세종문화회관 ‘싱크 넥스트 23’‘지금’, ‘여기’를 살고 있는 예술가들의 이야기를 통해 ‘오늘’을 그려가는 세종문화회관의 컨템퍼러리 축제인 ‘싱크 넥스트 23’(7월 6일~9월 10일, 세종문화회관 S씨어터) 출연자들.[세종문화회관 제공][헤럴드경제=고승희 기자] 그룹 뉴진스의 프로듀서인 250, ‘스우파’(스트릿 우먼 파이터) 열풍의 주역인 댄서 모니카, ‘조선팝’의 세계화를 이끈 이날치까지…. ‘오늘’을 살아가는 예술가들의 ‘고민’이 무대에서 폭발한다.“예술가의 직업은 많은 사람을 위로하는 일이라 생각하고 있어요. 다양한 작업으로 고단한 사람들에게 위로를 만들어주죠. 동시에 한 존재로 살아가는 사람들이기도 하고요. 그 모습을 보여주고자 했습니다.” (이랑)이 무대엔 ‘주제를 위한 주제’는 없다. 오직 ‘지금’, ‘여기’를 살고 있는 예술가들의 이야기를 통해 ‘오늘’을 그려간다. 세종문화회관의 여름 컨템퍼러리 축제인 ‘싱크 넥스트 23’(7월 6일~9월 10일, 세종문화회관 S씨어터)이다.지난해 처음 시작한 ‘싱크 넥스트 23’은 관습적으로 구분해온 장르와 형식의 경계를 벗고, 신선한 무대를 보여주고자 마련된 두 달간의 공연 축제다. 실험과 도전을 통해 동시대를 이끄는 다양한 장르의 예술가를 선정, 음악·춤·연극·스탠드업 코미디 등 다양한 무대를 보여준다. 지난해 첫 시즌엔 객석의 70~80% 정도를 채우며 의미있는 성과를 냈다.안호상 세종문화회관 사장 [세종문화회관 제공]안호상 세종문화회관 사장은 “해외 프로듀서를 만나면 한국의 컨템퍼러리를 소개해달라는 이야기를 많이 듣는다”며 “컨템퍼러리 자체가 동시대성을 담는 하나의 탈장르라고 생각했다. 지금 이 시점에 서울의 예술가들이 자신의 관점에서 주목하고 있는 고민을 담고, 이들이 왜 이런 작품을 만들어내는지를 들여다보고 고민해야 한다는 취지로 마련한 무대다”라고 말했다.올해엔 총 12편의 작품을 통해 33회 공연을 이어간다. 공연은 가변형 블랙박스인 S씨어터에서 열린다. 무대와 객석이 고정되지 않아 예술가들의 상상력으로 자유롭게 변형 가능하다. 기존 세종문화회관 대극장이나 체임버홀처럼 보수적인 무대가 아니라는 점은 새로운 시각과 아이디어를 품게 한다. 안 사장은 “세종문화회관이 그동안 우리 존재에 억눌려 사회가 요구하는 복잡한 활동들에 비해 단조로웠다는 생각을 한다”며 “지금 대중이 기대하는 예술활동을 품고자 했다”고 강조했다.뉴진스의 ‘하입 보이’, ‘어텐션’을 프로듀싱하며 세계 무대에서 주목받은 250 [세종문화회관 제공]‘싱크 넥스트 23’엔 현재 대한민국 예술계를 이끄는 ‘핫’한 예술가들이 총출동한다. 뉴진스의 ‘하입 보이’, ‘어텐션’을 프로듀싱하며 세계 무대에서 주목받은 250은 ‘싱크 넥스트23’을 통해 첫 단독 무대 ‘아직도 모르시나요’(7월 15일)를 선보인다. 그는 “지난해 냈던 앨범 ‘뽕’은 슬픔과 애수를 마음에 두고 몸을 신나는 리듬에 맞춰서 춤을 추면서 느껴지는 갭(차이)을 즐기는 것이었다”며 “이번 공연은 그 앨범의 감성을 조금 더 입체적으로 느낄 수 있도록 준비하고 있다. 세종스러우면서도 더 자유로운 콜라텍이나 무도회장의 분위기로 만들 생각이다”고 말했다.이날치는 지난해에 이어 두 번째 출연이다. 새 멤버 영입 이후 선보이는 무대(‘이날치_싱크 넥스트 23’, 8월 3∼5일)다. 이날치 안이호는 “판소리 다섯 바탕을 벗어나 깊은 고민 없이도 일상에서 받아들일 수 있는 보다 확장된 이야기를 담아낸 새 앨범 작업을 기반으로 한 무대를 펼쳐볼 예정”이라고 했다.다양한 장르를 초월한 신선한 공연이 많다. 한국 현대무용신의 대표 안무가 김재덕을 비롯한 여섯 팀의 ‘몸으로 몸한다’(7월 6~8일)로 시작하는 ‘싱크 넥스트 23’은 ▷ ‘물질’(7월 20~23일) ▷‘그러면 사랑 얘기는 누가 하지’(7월 28~30일) ▷‘테라리움’(8월 12~13일) ▷‘광광, 굉굉’(8월 15일) ▷‘우주 양자 마음’(8월 24~27일) ▷‘백현진 쑈: 공개방송’(9월 1~3일) 등의 공연을 이어간다. 싱어송라이터이자 영화감독인 이랑과 드래그 아티스트인 모어의 낭독과 음악, 퍼포먼스, 시로 구성한 ‘왜 내가 너의 친구라고 말하지 않는 것인가’(8월 8일), 디자이너 겸 연출가인 정구호와 안무가 김성호는 학교 폭력에 주목한 창작 무용 ’그리멘토‘(9월 7~10일)도 주목할 만하다.댄서 모니카 [세종문화회관 제공]댄스 크루 프라우드먼의 리더 모니카와 음악가 시피카(CIFIKA)는 ‘쓰인 적 없는 ㅅ(시옷)’(8월 18~20일)을 올린다. 10대 후반부터 20~30대까지 아우를 수 있는 쉬운 공연을 지향한다. 모니카는 “삶 속에서 파생되는 언어를 찾아보고, 각자의 경험을 통해 텍스트가 주는 파장과 비언어로 번역했을 때 다가오는 우리의 춤사위 효과를 통해 쉽고 따뜻한 공연을 만들고 싶다”며 “어려운 단어보다는 친절한 단어를 말할 수 있는 공연이 되고자 한다”고 말했다.“‘스우파’를 통해 프라우드먼이 공격적인 팀으로 알려졌는데, 사실 저희의 모토는 다른 사람의 슬픔을 나의 슬픔으로 느끼는 춤을 추는 거예요. 이 공연이 공감과 위로의 무대가 되길 바랍니다.” (모니카)shee@heraldcorp.com",http://news.heraldcorp.com/view.php?ud=20230504000030,"세종,문화,회관,무대,공연"
"뉴진스도 입었다, 떠오르는 블록코어룩","축구 유니폼에 일상복을 매치하는 ‘블록코어룩’이 인기를 끌고 있다. 패션 플랫폼 무신사의 주요 브랜드 ‘1993스튜디오’가 주력으로 내세운 스포티한 감성의 ‘90S 트랙 스웨트셔츠’.유통팀 기자들이 큐(Q)레이션한 다양한 라이프스타일 뉴스를 인스타그램 Q매거진(@_q_magazine)에서 만나보세요.축구 좋아하시나요? ‘골 때리는 그녀들’ 같은 예능 프로그램과 카타르 월드컵의 인기에 힘입어 패션업계에서 축구 유니폼의 인기가 심상치 않습니다. 운동할 때 입는 옷을 넘어 당당히 패션의 한 카테고리로 자리매김하는 추세인데요. 축구 유니폼을 일상복과 매치하는 패션을 ‘블록코어(Blokecore)룩’이라고 부릅니다. 최근 봄여름(SS) 시즌 패션의 핫 키워드로 이 블록코어룩이 떠오르고 있습니다.블록코어는 영국에서 ‘녀석’을 뜻하는 속어인 블록(Bloke)과 평범한 멋을 지칭하는 단어인 ‘놈코어(normcore)’가 합쳐진 단어입니다. 축구 종주국인 영국의 펍이나 길거리에서 흔히 볼 수 있는 축구팬 남성의 모습을 하나의 패션으로 재해석한 스타일입니다.국내에선 월드컵에 앞서 인기 아이돌 등을 중심으로 유니폼 패션을 선보였습니다. 지난해 7월 데뷔한 걸그룹 뉴진스는 데뷔곡 ‘어텐션(Attention)’ 뮤직비디오에서 축구 유니폼을 입고 등장해 블록코어룩을 알렸습니다. 블랙핑크의 제니 역시 ‘핑크 베놈(Pink Venom)’ 뮤직비디오에서 아디다스의 ‘맨체스터 유나이티드 팀가이스트 저지’를 입고 나왔습니다.블록코어룩이 인기를 끌면서 유니폼 패션을 다루는 업체들도 인기를 끌고 있는데요. ‘1993스튜디오’ ‘스컬프터’ ‘스페이드클럽서울’ 등이 대표적입니다. 이들 브랜드는 공통적으로 엠블럼을 새기거나 어깨를 따라 선을 넣어 스포티한 무드를 연출할 수 있는 아이템을 선보이고 있습니다. 특히 1993스튜디오가 올해 봄여름 시즌 출시한 ‘90S 트랙 스웨트셔츠’의 경우 브이넥, 엠블럼 등 빈티지 스포츠 유니폼을 닮은 디자인을 선보였습니다. 1993스튜디오를 주로 판매하는 무신사 관계자는 “관련 브랜드들이 최근 9∼10배 가까이 성장하는 경우도 있다”고 전했습니다.LF의 사내 벤처 프로젝트로 시작한 스페이드클럽서울 역시 축구 유니폼을 모티프로 한 풋볼 티셔츠와 트랙 팬츠를 출시했습니다. 자연을 가꾸고 휴식을 즐긴다는 의미의 ‘그리너리(Greenery) 문화’를 기반으로 한 유니폼을 앞세웠습니다.정서영 기자 cero@donga.com",https://www.donga.com/news/Economy/article/all/20230502/119113061/1,"유니폼,축구,패션,블록,코어"
"""뉴진스로 변신한 똥별이""… '홍현희♥' 제이쓴도 '입틀막'","[헬스S] 무리한 다이어트, 생리통 위험 높인다 최근 건강한 몸에 대한 관심이 높아지고 있지만 여전히 마른 체형을 갈망하는 여성들이 많다. 이는 무리한 다이어트 등으로 이어지는데 부적절한 체중조절 행동은 여성의 월경곤란증(생리통) 위험을 높인다는 연구결과가 나왔다.질병관리청 국립보건연구원에 따르면 승인되지 않은 다이어트 보조제를 섭취하는 등 부적절한 방법을 통해 체중조절을 한 여성의 경증 생리통 위험은 22%, 중증 생리통 위험은 53% 높아졌다.구체적으로 살펴보면 끼니 거르기 등의 단식을 한 여성의 중증 생리통 위험은 44%, 승인되지 않은 다이어트 보조제를 섭취한 여성의 중증 생리통 위험은 56% 높았다.승인되지 않은 다이어트 보조제를 섭취한 여성의 경증 생리통 위험은 69%, 원푸드 다이어트를 한 여성의 경증 생리통 위험은 49% 높아졌다.최근 1년 동안 체중이 3kg 이상 변했거나 주 5회 이상 외식을 하거나 배달음식을 먹는 경우에도 생리통 위험이 높아지는 것으로 나타났다.생리통은 부인과 질환 중 하나로 심하면 어지..",http://moneys.mt.co.kr/news/mwView.php?no=2023050309375610446,"생리통,위험,여성,다이어트,체중"
"""아이돌 될래""…이지혜딸 태리, 뉴진스 복붙 춤실력","1황철순, 주가조작 가담 의혹 부인…""난 주식 모르는 똥멍청이""예능 프로그램에 출연해 얼굴을 알린 헬스 트레이너 황철순이 주가 조작 가담 의혹을 부인했다. 3일 황철순은 자신의 인스타그램에 ""3일 전부터 많은 기자분께서 (헬스장을) 뚫고 들어오신다""며 ""나는 주식도 모르는 똥멍청이이며 투자 제안도 받아본 적이 없으며 아직 피해 사실이 확인된 바 없다""고 적었다. ""운동과 관련되지 않은 부분에 대해서는 어떤 말씀이나 책임 있는 설명을 해드릴 수 없는 위치라는 것을 이해해 주시기 바란다""며 ""그렇게 많은 인터뷰를 해도 기사 한 토막 안 나간 이유는 내 얘기가 영양가가 없다는 얘기""라고",http://www.newsis.com/view/?id=NISX20230501_0002286538&cID=10601&pID=10600,"황철순,가담,의혹,부인,주식"
"뉴진스, ‘美 영향력 있는 아시아인 100인’ 선정 [연예뉴스 HOT]","신인 걸그룹 뉴진스가 미국 비영리단체 골드하우스가 발표한 올해 ‘미국에서 가장 영향력 있는 아시아인 100인’(A100)에 선정됐다. 2일(한국시간) 골드하우스는 홈페이지를 통해 “뉴진스는 글로벌 히트곡 ‘디토’와 ‘OMG’ 등을 통해 솔직하고 독창적인 음악으로 케이팝의 지평을 넓힌 그룹”이라며 선정 이유를 밝혔다. 해당 명단에는 카카오엔터테인먼트에서 음악 부문 글로벌 전략을 총괄하는 장윤중 글로벌전략담당(GSO)도 포함됐다. 지난해에는 배우 윤여정, 이정재, ‘오징어게임’ 황동혁 감독, 소설 ‘파친코’ 이민진 작가 등이 선정됐다.이정연 기자 annjoy@donga.com",https://sports.donga.com/article/all/20230502/119113252/1,"선정,글로벌,뉴진스,미국,골드"
"이지혜 딸 태리, 뉴진스에 푹 빠졌다…""아이돌 할래"" 한마디에 母 걱정","SBS '동상이몽2' 캡처이지혜 딸 태리가 뉴진스에 푹 빠졌다.1일 오후 방송된 SBS 예능 프로그램 '동상이몽 2 - 너는 내 운명'에서는 가수 이지혜, 문재완 부부의 일상이 공개된 가운데 첫째 딸 태리가 걸그룹 뉴진스를 따라해 이목을 집중시켰다.이날 문재완은 태리를 '공주야~', '공주님~'이라고 불렀다. 이내 등장한 태리에 대해 이지혜는 ""많이 컸다, 요즘 약간 공주병이 왔다, 그런 시기다""라고 알렸다.이지혜 가족은 함께 아이돌 댄스를 따라했다. 태리가 같이 추자고 제안하자 이지혜는 ""엄마 춤 진짜 잘 춰, 엄마는 댄스 가수야""라고 자신 있게 말했다. 태리는 ""나도 장난 아니야""라고 받아쳐 놀라움을 자아냈다. ""이거 봐""라더니 뉴진스의 '디토' 춤을 따라잡아 놀라움을 더했다.이때 문재완이 갑자기 엎드려 자세를 잡아 궁금증을 유발했다. 뉴진스 안무의 시작 부분이었던 것. 태리는 뉴진스에서 민지 역할을 맡아 웃음을 샀다. 그는 엔딩 포즈까지 아빠를 적극 활용해 폭소를 유발했다.문재완은 딸에 대해 아이돌 가수를 해도 되겠다며 흐뭇해 했다. 그러자 이지혜가 버럭하며 ""무슨 아이돌이야""라고 받아쳤다. 이어 태리를 향해 ""아이돌 할 생각 없지?""라고 물었다. 하지만 태리는 ""아니, 나 아이돌 할 생각 있어, 가수 하고 싶어""라고 깜짝 고백했다.이지혜는 태리의 얘기에 벌써부터 걱정했다. 아이돌 가수로 성공하는 게 너무 어렵다고 생각한 그는 ""다른 직업 좋은 게 너무 많다. 가수 말고 선생님 할까? 아니면 변호사? 닥터?""라고 태리에게 물어 눈길을 끌었다.llll@news1.kr",https://www.news1.kr/articles/5033199,"태리,이지혜,가수,아이돌,뉴진스"
